component,permutation_draws,seed,pet_rows_above_q97.5,min_pet_rho
Base CCEM,5000,20260609,4/4,1.151832892655066
Spatial CCEM,2000,20260609,20/20,1.1290727172664268
